{
  "rainfall_mm_mean": 1151.374619047619,
  "rainfall_mm_std": 233.75032532914472,
  "temperature_c_mean": 22.441047619047623,
  "temperature_c_std": 3.163518852294396,
  "humidity_pct_mean": 69.93557142857142,
  "humidity_pct_std": 8.79916018758809
}